Label,1.80,1.81,1.82,1.83,1.84,1.85,1.86,1.87,1.88,1.89,1.90,1.91,1.92,1.93,1.94,1.95,1.96,1.97,1.98,1.99,2.00,2.01,2.02,2.03,2.04,2.05,2.06,2.07,2.08,2.09,2.10,2.11,2.12,2.13,2.14,2.15,2.16,2.17,2.18,2.19,2.20,2.21,2.22,2.23,2.24,2.25,2.26,2.27,2.28,2.29,2.30,2.31,2.32,2.33,2.34,2.35,2.36,2.37,2.38,2.39,2.40,2.41,2.42,2.43,2.44,2.45,2.46,2.47,2.48,2.49,2.50,2.51,2.52,2.53,2.54,2.55,2.56,2.57,2.58,2.59,2.60,2.61,2.62,2.63,2.64,2.65,2.66,2.67,2.68,2.69,2.70,2.71,2.72,2.73,2.74,2.75,2.76,2.77,2.78,2.79,2.80,2.81,2.82,2.83,2.84,2.85,2.86,2.87,2.88,2.89,2.90,2.91,2.92,2.93,2.94,2.95,2.96,2.97,2.98,2.99,3.00
"(1, 1)",-1.8922773468,-1.8852473745,-1.8782792519,-1.8713718126,-1.864524266,-1.8577358332,-1.8510057486,-1.8443332601,-1.8377176291,-1.8311581297,-1.8246540486,-1.8182046849,-1.8118093497,-1.8054673657,-1.7991780674,-1.7929408001,-1.7867549205,-1.7806197957,-1.7745348036,-1.7684993322,-1.7625127796,-1.7565745536,-1.7506840719,-1.7448407616,-1.7390440591,-1.7332934093,-1.7275882665,-1.7219280939,-1.7163123629,-1.710740553,-1.7052121532,-1.6997266585,-1.6942835734,-1.6888824093,-1.6835226857,-1.6782039295,-1.6729256748,-1.6676874627,-1.6624888418,-1.6573293674,-1.6522086008,-1.6471261114,-1.642081475,-1.6370742715,-1.6321040898,-1.6271705242,-1.622273175,-1.6174116477,-1.6125855562,-1.607794516,-1.6030381516,-1.5983160921,-1.5936279704,-1.588973429,-1.5843521113,-1.5797636678,-1.5752077548,-1.5706840303,-1.5661921602,-1.5617318144,-1.5573026676,-1.552904399,-1.5485366925,-1.5441992359,-1.5398917209,-1.5356138448,-1.5313653096,-1.527145817,-1.5229550786,-1.518792809,-1.5146587218,-1.5105525383,-1.5064739793,-1.5024227818,-1.4983986751,-1.4944013945,-1.4904306776,-1.4864862657,-1.4825679048,-1.4786753443,-1.4748083352,-1.4709666354,-1.4671500016,-1.4633581967,-1.4595909852,-1.4558481344,-1.4521294152,-1.448434602,-1.444763469,-1.4411157966,-1.437491367,-1.4338899647,-1.4303113765,-1.426755394,-1.423221808,-1.4197104138,-1.4162210106,-1.4127533975,-1.4093073773,-1.4058827545,-1.4024793366,-1.3990969334,-1.3957353574,-1.3923944224,-1.3890739449,-1.3857737443,-1.3824936412,-1.3792334579,-1.3759930191,-1.3727721535,-1.3695706902,-1.3663884604,-1.3632252978,-1.3600810374,-1.3569555167,-1.3538485758,-1.3507600568,-1.3476897997,-1.3446376515,-1.3416034594,-1.3385870707
"(3, 1)",0.1715279646,0.1708313721,0.1701337833,0.1694371691,0.1687417424,0.1680477184,0.1673553018,0.1666646874,0.1659760604,0.1652895969,0.1646054617,0.1639238122,0.1632448018,0.1625685587,0.1618952137,0.1612248875,0.1605576954,0.1598937411,0.1592331225,0.158575927,0.1579222392,0.1572721305,0.1566256807,0.1559829338,0.1553439535,0.1547087988,0.1540774996,0.1534500956,0.152826635,0.1522071413,0.1515916475,0.1509801761,0.1503727249,0.149769328,0.1491699793,0.1485747017,0.1479834867,0.1473963434,0.1468132736,0.1462342556,0.1456593094,0.1450884145,0.1445215633,0.1439587836,0.1433999738,0.142845169,0.1422943191,0.1417474516,0.1412045341,0.1406655774,0.140130475,0.1395992558,0.1390719065,0.1385484121,0.1380286941,0.1375127705,0.1370005983,0.1364921425,0.1359873988,0.1354863348,0.1349888897,0.1344950705,0.1340048298,0.1335181473,0.1330349877,0.1325553222,0.1320791168,0.1316063628,0.1311369853,0.1306709752,0.1302083055,0.1297489435,0.1292928654,0.1288400241,0.1283903999,0.1279439666,0.1275006691,0.1270604986,0.1266234202,0.1261894034,0.1257584177,0.1253304299,0.1249054195,0.1244833425,0.1240641768,0.1236479017,0.1232344666,0.1228238514,0.1224160323,0.1220109784,0.1216086618,0.1212090473,0.120812117,0.1204178428,0.1200261856,0.1196371269,0.1192506736,0.1188667021,0.1184852719,0.1181063336,0.1177298556,0.1173558153,0.1169841863,0.1166149427,0.1162480621,0.1158835137,0.1155212913,0.1151613554,0.1148036447,0.1144482237,0.1140950215,0.1137440182,0.1133951848,0.1130485101,0.1127039195,0.1123614749,0.1120211253,0.1116828358,0.1113465847,0.1110123615,0.1106801396
"(2, 2)",-1.571416127,-1.5672836523,-1.5631744439,-1.5590871095,-1.5550215726,-1.5509777586,-1.5469555903,-1.5429549871,-1.5389758661,-1.5350181418,-1.5310817266,-1.5271665306,-1.5232724623,-1.5193994281,-1.5155473333,-1.5117160814,-1.5079055747,-1.5041157143,-1.5003464005,-1.4965975324,-1.4928690083,-1.489160726,-1.4854725825,-1.4818044741,-1.4781562966,-1.4745279459,-1.4709193168,-1.4673303045,-1.4637608035,-1.460210708,-1.4566799123,-1.453168311,-1.4496757976,-1.4462022664,-1.4427476112,-1.4393117262,-1.4358945059,-1.4324958441,-1.4291156352,-1.4257537739,-1.4224101548,-1.4190846726,-1.4157772222,-1.412487699,-1.4092159989,-1.4059620161,-1.4027256475,-1.399506789,-1.3963053375,-1.3931211888,-1.3899542408,-1.3868043904,-1.3836715347,-1.3805555728,-1.3774564019,-1.3743739209,-1.371308028,-1.3682586232,-1.3652256048,-1.3622088733,-1.3592083295,-1.3562238736,-1.3532554056,-1.3503028272,-1.3473660395,-1.3444449442,-1.3415394442,-1.3386494445,-1.3357748453,-1.3329155506,-1.3300714632,-1.3272424905,-1.3244285324,-1.3216295004,-1.3188452969,-1.3160758279,-1.3133209988,-1.3105807185,-1.3078548929,-1.3051434288,-1.3024462364,-1.2997632236,-1.297094299,-1.2944393726,-1.2917983547,-1.289171156,-1.2865576873,-1.2839578605,-1.2813715883,-1.2787987824,-1.2762393566,-1.2736932251,-1.2711603015,-1.2686405018,-1.2661337401,-1.2636399325,-1.2611589974,-1.2586908506,-1.2562354097,-1.2537925931,-1.2513623194,-1.2489445086,-1.2465390802,-1.2441459547,-1.2417650536,-1.2393962976,-1.23703961,-1.2346949127,-1.2323621305,-1.2300411857,-1.2277320032,-1.2254345084,-1.2231486266,-1.2208742835,-1.218611406,-1.216359923,-1.2141197602,-1.2118908465,-1.2096731116,-1.2074664838,-1.2052708932
"(4, 2)",-0.1747300479,-0.1742105052,-0.1736932315,-0.1731803038,-0.1726714968,-0.1721665609,-0.171665242,-0.1711672787,-0.1706724053,-0.1701803524,-0.1696908512,-0.169203629,-0.1687184248,-0.1682349581,-0.1677529795,-0.1672722154,-0.1667924153,-0.1663133201,-0.1658346764,-0.1653562397,-0.1648777751,-0.1643990359,-0.1639197895,-0.1634398127,-0.1629588782,-0.1624767585,-0.1619932475,-0.1615081271,-0.1610211757,-0.1605322193,-0.1600410567,-0.1595474768,-0.1590513198,-0.1585523922,-0.1580505211,-0.1575455494,-0.157037313,-0.1565256472,-0.1560103042,-0.1554913945,-0.1549686511,-0.1544419545,-0.1539112055,-0.1533762399,-0.1528370768,-0.1522936873,-0.1517460678,-0.1511937409,-0.1506369556,-0.1500756634,-0.1495105005,-0.1489398382,-0.1483648991,-0.1477859507,-0.1472019391,-0.1466135889,-0.1460205031,-0.1454233997,-0.1448222936,-0.1442171319,-0.1436079792,-0.1429950201,-0.1423783153,-0.1417580551,-0.1411343943,-0.1405075151,-0.1398775825,-0.1392447838,-0.1386093274,-0.1379714104,-0.1373312541,-0.1366890641,-0.1360450786,-0.1353995036,-0.1347525863,-0.1341045463,-0.133455634,-0.1328060741,-0.1321561091,-0.1315059756,-0.1308558959,-0.1302061219,-0.1295568826,-0.1289083922,-0.1282608826,-0.1276146235,-0.1269697218,-0.126326447,-0.1256849991,-0.1250455783,-0.1244083663,-0.1237735674,-0.1231413512,-0.1225118919,-0.1218853359,-0.1212618536,-0.1206415922,-0.1200246942,-0.1194112983,-0.1188015448,-0.1181955015,-0.117593321,-0.1169951,-0.1164009248,-0.1158108936,-0.1152251092,-0.1146436384,-0.1140665302,-0.1134938043,-0.1129256662,-0.1123620743,-0.1118030791,-0.1112487318,-0.1106990561,-0.1101542526,-0.1096140113,-0.109078456,-0.1085476995,-0.1080216674,-0.1075004003,-0.106984011
"(1, 3)",0.1715279646,0.1708313721,0.1701337833,0.1694371691,0.1687417424,0.1680477184,0.1673553018,0.1666646874,0.1659760604,0.1652895969,0.1646054617,0.1639238122,0.1632448018,0.1625685587,0.1618952137,0.1612248875,0.1605576954,0.1598937411,0.1592331225,0.158575927,0.1579222392,0.1572721305,0.1566256807,0.1559829338,0.1553439535,0.1547087988,0.1540774996,0.1534500956,0.152826635,0.1522071413,0.1515916475,0.1509801761,0.1503727249,0.149769328,0.1491699793,0.1485747017,0.1479834867,0.1473963434,0.1468132736,0.1462342556,0.1456593094,0.1450884145,0.1445215633,0.1439587836,0.1433999738,0.142845169,0.1422943191,0.1417474516,0.1412045341,0.1406655774,0.140130475,0.1395992558,0.1390719065,0.1385484121,0.1380286941,0.1375127705,0.1370005983,0.1364921425,0.1359873988,0.1354863348,0.1349888897,0.1344950705,0.1340048298,0.1335181473,0.1330349877,0.1325553222,0.1320791168,0.1316063628,0.1311369853,0.1306709752,0.1302083055,0.1297489435,0.1292928654,0.1288400241,0.1283903999,0.1279439666,0.1275006691,0.1270604986,0.1266234202,0.1261894034,0.1257584177,0.1253304299,0.1249054195,0.1244833425,0.1240641768,0.1236479017,0.1232344666,0.1228238514,0.1224160323,0.1220109784,0.1216086618,0.1212090473,0.120812117,0.1204178428,0.1200261856,0.1196371269,0.1192506736,0.1188667021,0.1184852719,0.1181063336,0.1177298556,0.1173558153,0.1169841863,0.1166149427,0.1162480621,0.1158835137,0.1155212913,0.1151613554,0.1148036447,0.1144482237,0.1140950215,0.1137440182,0.1133951848,0.1130485101,0.1127039195,0.1123614749,0.1120211253,0.1116828358,0.1113465847,0.1110123615,0.1106801396
"(3, 3)",-1.0926786163,-1.0944227116,-1.0961047202,-1.0977263153,-1.0992876872,-1.100789131,-1.1022310204,-1.1036138045,-1.104938002,-1.1062041226,-1.1074129551,-1.1085651016,-1.1096613154,-1.1107023341,-1.1116890044,-1.1126221343,-1.1135026057,-1.1143313004,-1.1151091396,-1.1158370318,-1.1165159111,-1.1171467244,-1.1177304192,-1.1182679761,-1.1187603329,-1.1192083811,-1.1196132461,-1.1199757168,-1.1202968665,-1.1205775544,-1.1208187382,-1.1210211891,-1.1211861551,-1.1213142834,-1.1214066036,-1.1214639581,-1.1214871553,-1.1214770986,-1.1214348092,-1.1213607569,-1.121255894,-1.1211210777,-1.1209570712,-1.1207646294,-1.1205444887,-1.1202977355,-1.1200243189,-1.1197256121,-1.1194020543,-1.1190544722,-1.118683408,-1.1182893975,-1.117873324,-1.1174360115,-1.1169774376,-1.1164985073,-1.1159999918,-1.1154820863,-1.1149455139,-1.1143908517,-1.1138187018,-1.1132294162,-1.1126235917,-1.11200167,-1.1113641487,-1.1107115173,-1.1100441992,-1.1093625366,-1.1086671943,-1.1079584871,-1.1072368005,-1.1065025304,-1.1057560913,-1.1049978765,-1.1042282118,-1.1034474952,-1.1026560294,-1.1018542284,-1.1010423929,-1.1002208561,-1.0993899979,-1.0985500206,-1.0977012613,-1.0968440213,-1.0959786062,-1.0951053499,-1.0942244017,-1.0933360996,-1.0924407047,-1.091538469,-1.0906295936,-1.0897144834,-1.0887931862,-1.0878660443,-1.0869332314,-1.0859949794,-1.0850514922,-1.084103095,-1.0831498164,-1.0821919124,-1.0812295975,-1.0802630646,-1.0792924774,-1.0783179836,-1.0773399167,-1.0763584077,-1.0753734216,-1.0743852826,-1.0733943996,-1.072400316,-1.0714035333,-1.0704041825,-1.0694025092,-1.068398504,-1.0673924422,-1.0663842495,-1.0653740914,-1.0643622151,-1.0633488351,-1.0623338323,-1.0613174139
"(2, 4)",-0.1747300479,-0.1742105052,-0.1736932315,-0.1731803038,-0.1726714968,-0.1721665609,-0.171665242,-0.1711672787,-0.1706724053,-0.1701803524,-0.1696908512,-0.169203629,-0.1687184248,-0.1682349581,-0.1677529795,-0.1672722154,-0.1667924153,-0.1663133201,-0.1658346764,-0.1653562397,-0.1648777751,-0.1643990359,-0.1639197895,-0.1634398127,-0.1629588782,-0.1624767585,-0.1619932475,-0.1615081271,-0.1610211757,-0.1605322193,-0.1600410567,-0.1595474768,-0.1590513198,-0.1585523922,-0.1580505211,-0.1575455494,-0.157037313,-0.1565256472,-0.1560103042,-0.1554913945,-0.1549686511,-0.1544419545,-0.1539112055,-0.1533762399,-0.1528370768,-0.1522936873,-0.1517460678,-0.1511937409,-0.1506369556,-0.1500756634,-0.1495105005,-0.1489398382,-0.1483648991,-0.1477859507,-0.1472019391,-0.1466135889,-0.1460205031,-0.1454233997,-0.1448222936,-0.1442171319,-0.1436079792,-0.1429950201,-0.1423783153,-0.1417580551,-0.1411343943,-0.1405075151,-0.1398775825,-0.1392447838,-0.1386093274,-0.1379714104,-0.1373312541,-0.1366890641,-0.1360450786,-0.1353995036,-0.1347525863,-0.1341045463,-0.133455634,-0.1328060741,-0.1321561091,-0.1315059756,-0.1308558959,-0.1302061219,-0.1295568826,-0.1289083922,-0.1282608826,-0.1276146235,-0.1269697218,-0.126326447,-0.1256849991,-0.1250455783,-0.1244083663,-0.1237735674,-0.1231413512,-0.1225118919,-0.1218853359,-0.1212618536,-0.1206415922,-0.1200246942,-0.1194112983,-0.1188015448,-0.1181955015,-0.117593321,-0.1169951,-0.1164009248,-0.1158108936,-0.1152251092,-0.1146436384,-0.1140665302,-0.1134938043,-0.1129256662,-0.1123620743,-0.1118030791,-0.1112487318,-0.1106990561,-0.1101542526,-0.1096140113,-0.109078456,-0.1085476995,-0.1080216674,-0.1075004003,-0.106984011
"(4, 4)",-0.6871283527,-0.6875520811,-0.6880143869,-0.6885171338,-0.6890608388,-0.6896459908,-0.690273077,-0.690942577,-0.6916549665,-0.6924107103,-0.6932102918,-0.6940541751,-0.6949428204,-0.6958766977,-0.6968563118,-0.6978820736,-0.6989544643,-0.7000739107,-0.7012408322,-0.7024556849,-0.7037188577,-0.7050307218,-0.7063915754,-0.7078018949,-0.7092618967,-0.7107719884,-0.7123320528,-0.71394247,-0.7156032352,-0.7173145933,-0.7190765191,-0.7208889431,-0.7227516678,-0.7246645605,-0.7266273954,-0.7286398462,-0.7307015395,-0.7328118912,-0.7349693332,-0.7371754195,-0.7394281625,-0.7417267662,-0.7440703168,-0.7464572582,-0.7488874854,-0.7513600447,-0.753872969,-0.7564238112,-0.7590118939,-0.7616357644,-0.7642958266,-0.7669848464,-0.7697059507,-0.7724572105,-0.7752328641,-0.7780339426,-0.7808560705,-0.783699073,-0.7865611868,-0.7894392696,-0.7923308451,-0.7952344546,-0.7981469738,-0.8010663171,-0.8039901298,-0.806916098,-0.8098418693,-0.8127651433,-0.8156836723,-0.8185952386,-0.8214975572,-0.8243884772,-0.8272657887,-0.8301277697,-0.8329721114,-0.835796972,-0.8386006118,-0.8413809127,-0.8441363075,-0.8468651927,-0.8495661836,-0.8522374275,-0.8548777228,-0.8574857614,-0.860060322,-0.8625996428,-0.8651040061,-0.8675717579,-0.8700020215,-0.8723939882,-0.8747470847,-0.8770603782,-0.879333458,-0.8815658012,-0.8837571746,-0.8859070911,-0.8880151444,-0.8900814186,-0.8921057676,-0.8940878906,-0.8960279358,-0.8979259168,-0.8997817152,-0.901596695,-0.9033688592,-0.9050993827,-0.9067885789,-0.9084368377,-0.9100450557,-0.9116120598,-0.9131391169,-0.9146266019,-0.9160750544,-0.9174846367,-0.9188557303,-0.9201891797,-0.9214857014,-0.9227451077,-0.9239684876,-0.9251556965,-0.9263078503
"(1, 1, 1, 1)",0.5038877917,0.5019735974,0.5000762464,0.4981952248,0.4963303212,0.4944813253,0.4926480303,0.4908302337,0.4890277363,0.4872403429,0.4854678615,0.4837101038,0.4819668848,0.4802380227,0.4785233388,0.4768226576,0.4751358065,0.473462616,0.4718029194,0.4701565526,0.4685233544,0.4669031663,0.4652958322,0.4637011988,0.4621191155,0.460549433,0.4589920054,0.4574466891,0.4559133426,0.4543918264,0.4528820042,0.45138374,0.4498969016,0.4484213581,0.4469569809,0.4455036433,0.4440612208,0.4426295903,0.4412086313,0.4397982247,0.4383982529,0.4370086009,0.4356291558,0.4342598041,0.4329004363,0.4315509441,0.4302112209,0.4288811606,0.4275606612,0.4262496187,0.4249479334,0.423655506,0.4223722379,0.4210980352,0.4198328018,0.4185764445,0.4173288724,0.4160899926,0.4148597169,0.4136379567,0.4124246258,0.4112196385,0.4100229104,0.4088343584,0.4076538996,0.4064814536,0.4053169417,0.4041602818,0.4030113986,0.4018702169,0.4007366582,0.3996106482,0.3984921092,0.3973809779,0.3962771802,0.3951806449,0.3940913001,0.3930090766,0.3919339064,0.3908657225,0.3898044574,0.3887500477,0.3877024267,0.3866615317,0.3856272991,0.3845996662,0.3835785714,0.3825639547,0.3815557535,0.3805539095,0.3795583644,0.3785690598,0.3775859378,0.3766089431,0.3756380184,0.3746731082,0.3737141594,0.372761117,0.3718139279,0.3708725386,0.3699368975,0.369006953,0.3680826549,0.3671639523,0.3662507957,0.3653431366,0.3644409262,0.363544116,0.3626526581,0.3617665073,0.3608856171,0.3600099418,0.3591394366,0.3582740568,0.3574137582,0.3565584984,0.3557082354,0.3548629241,0.3540225244,0.3531869955,0.3523562953
"(2, 1, 2, 1)",0.1448365982,0.144675202,0.1445145078,0.1443541125,0.144194028,0.1440342713,0.1438748582,0.1437158036,0.1435571218,0.1433988262,0.1432409298,0.1430834447,0.1429263825,0.1427697539,0.1426135696,0.1424578392,0.1423025722,0.1421477776,0.1419934639,0.1418396393,0.1416863116,0.1415334883,0.1413811766,0.1412293833,0.1410781142,0.1409273775,0.1407771782,0.1406275226,0.1404784163,0.1403298641,0.140181872,0.1400344451,0.1398875883,0.1397413061,0.1395956028,0.1394504833,0.1393059518,0.1391620119,0.1390186678,0.1388759229,0.1387337814,0.1385922466,0.1384513208,0.1383110085,0.1381713121,0.1380322343,0.1378937775,0.1377559443,0.1376187371,0.1374821588,0.1373462105,0.1372108958,0.1370762147,0.1369421705,0.136808764,0.1366759967,0.1365438689,0.1364123835,0.1362815408,0.1361513423,0.1360217878,0.1358928786,0.1357646146,0.1356369979,0.1355100279,0.1353837051,0.1352580298,0.1351330019,0.1350086213,0.1348848887,0.1347618035,0.1346393651,0.1345175765,0.1343964314,0.1342759312,0.1341560761,0.1340368659,0.1339182995,0.1338003761,0.1336830946,0.1335664559,0.1334504567,0.1333350972,0.1332203759,0.133106292,0.1329928445,0.1328800319,0.1327678517,0.1326563054,0.1325453902,0.1324351046,0.1323254475,0.1322164165,0.1321080115,0.1320002303,0.1318930703,0.1317865322,0.1316806132,0.131575311,0.131470625,0.131366553,0.1312630936,0.1311602446,0.1310580043,0.1309563711,0.130855343,0.1307549182,0.1306550952,0.1305558726,0.1304572481,0.1303592197,0.1302617857,0.1301649441,0.1300686923,0.1299730305,0.1298779548,0.1297834638,0.1296895553,0.129596229,0.1295034813,0.1294113118
"(3, 1, 1, 1)",-0.0816967192,-0.081397433,-0.0810979428,-0.0807988054,-0.0805001124,-0.0802019524,-0.0799044097,-0.0796075653,-0.079311496,-0.079016275,-0.0787219722,-0.0784286533,-0.0781363832,-0.0778452159,-0.0775552069,-0.0772664074,-0.076978867,-0.07669263,-0.0764077388,-0.076124231,-0.0758421433,-0.0755615065,-0.0752823559,-0.0750047104,-0.0747285987,-0.0744540455,-0.0741810657,-0.0739096755,-0.0736398983,-0.0733717441,-0.0731052287,-0.0728403605,-0.0725771415,-0.0723155861,-0.072055693,-0.0717974733,-0.0715409232,-0.0712860484,-0.071032853,-0.0707813238,-0.0705314719,-0.0702832905,-0.0700367782,-0.0697919479,-0.0695487527,-0.0693072157,-0.0690673046,-0.0688290446,-0.068592419,-0.0683574346,-0.068124042,-0.0678922551,-0.0676620739,-0.0674334964,-0.0672064776,-0.0669810339,-0.0667571502,-0.0665348053,-0.0663140021,-0.0660947285,-0.0658769591,-0.0656606972,-0.0654459254,-0.065232633,-0.0650208065,-0.0648104353,-0.0646015052,-0.064394013,-0.0641879281,-0.063983248,-0.0637799598,-0.0635780515,-0.0633775085,-0.0631783217,-0.0629804796,-0.0627839716,-0.0625887722,-0.0623948802,-0.0622022801,-0.0620109599,-0.0618209057,-0.061632106,-0.0614445508,-0.0612582221,-0.0610731109,-0.0608892103,-0.0607064953,-0.0605249613,-0.0603445947,-0.0601653843,-0.0599873179,-0.0598103826,-0.059634569,-0.0594598666,-0.0592862566,-0.0591137329,-0.0589422999,-0.0587719009,-0.058602564,-0.0584342672,-0.058266997,-0.0581007441,-0.0579354969,-0.0577712437,-0.0576079779,-0.0574456855,-0.0572843612,-0.0571239888,-0.0569645442,-0.0568060501,-0.0566484794,-0.0564918232,-0.0563360706,-0.0561812151,-0.0560272222,-0.0558741224,-0.0557218921,-0.0555705159,-0.0554199864,-0.0552702963,-0.0551214335
"(3, 1, 3, 1)",0.0614875511,0.0618664985,0.0622383387,0.0626035066,0.0629620155,0.0633138907,0.0636591651,0.0639978797,0.0643300826,0.0646558202,0.0649751704,0.0652881893,0.0655949497,0.0658955234,0.0661899924,0.0664784354,0.0667609402,0.0670375938,0.067308488,0.0675737135,0.0678333633,0.068087532,0.0683363171,0.0685798155,0.0688181225,0.0690513293,0.0692795516,0.0695028665,0.0697213893,0.0699352049,0.0701444139,0.070349093,0.0705493752,0.0707453245,0.0709370502,0.0711246407,0.0713081781,0.071487759,0.0716634993,0.0718354303,0.0720036633,0.0721682888,0.0723293868,0.0724870463,0.0726413282,0.072792371,0.0729401323,0.0730847966,0.0732263978,0.0733650363,0.0735007495,0.0736336,0.0737636987,0.073891146,0.0740158995,0.0741380821,0.0742577811,0.0743750027,0.0744898364,0.0746023504,0.0747126039,0.0748206367,0.0749265169,0.0750302923,0.0751320179,0.0752317498,0.0753295333,0.075425407,0.0755194444,0.0756116824,0.0757021631,0.0757909302,0.0758780341,0.0759635149,0.0760474091,0.0761297654,0.0762106111,0.0762899999,0.0763679629,0.0764445388,0.0765197734,0.0765936845,0.0766663134,0.0767376924,0.0768078584,0.076876856,0.0769446886,0.0770114017,0.0770770269,0.0771415923,0.0772051186,0.0772676603,0.0773292153,0.0773898288,0.0774495157,0.0775083056,0.0775662295,0.0776233116,0.0776795638,0.0777350142,0.0777896881,0.0778436089,0.0778967955,0.077949263,0.0780010607,0.0780522015,0.0781026732,0.0781525201,0.0782017993,0.0782504389,0.0782985091,0.0783460259,0.0783930236,0.0784394953,0.0784854715,0.0785309505,0.0785759487,0.0786204983,0.0786646342,0.0787083272,0.0787516084
"(3, 1, 2, 2)",-0.0145237598,-0.0141752468,-0.0138317397,-0.0134932392,-0.0131597442,-0.0128312506,-0.0125077483,-0.0121892223,-0.0118756524,-0.0115670183,-0.0112632816,-0.0109644149,-0.0106703834,-0.0103811443,-0.0100966535,-0.0098168672,-0.0095417375,-0.0092712143,-0.009005245,-0.0087437754,-0.0084867516,-0.0082341147,-0.0079858118,-0.0077417749,-0.0075019486,-0.0072662797,-0.0070346918,-0.0068071324,-0.0065835389,-0.0063638516,-0.0061480105,-0.0059359623,-0.0057276197,-0.0055229443,-0.0053218601,-0.0051243159,-0.0049302493,-0.0047396019,-0.0045523052,-0.0043683152,-0.0041875754,-0.0040100218,-0.0038356009,-0.0036642728,-0.0034959484,-0.0033305754,-0.0031681297,-0.0030085415,-0.0028517684,-0.0026977632,-0.002546449,-0.0023978051,-0.0022517719,-0.0021082953,-0.0019673425,-0.0018288682,-0.0016928111,-0.0015591438,-0.0014278221,-0.0012988005,-0.0011720204,-0.0010474642,-0.0009250805,-0.0008048344,-0.000686684,-0.0005705929,-0.0004565206,-0.0003444474,-0.0002343074,-0.0001260801,-1.97326e-05,8.47683e-05,0.0001874529,0.000288364,0.0003875241,0.0004849648,0.0005807228,0.0006748231,0.0007672949,0.0008581676,0.0009474724,0.0010352319,0.0011214707,0.0012062217,0.0012895084,0.0013713556,0.0014517896,0.0015308346,0.0016085133,0.0016848493,0.0017598629,0.0018335877,0.0019060316,0.0019772222,0.0020471829,0.0021159313,0.0021834734,0.0022498749,0.0023151114,0.0023792132,0.0024422033,0.0025040981,0.0025649166,0.0026246739,0.0026833944,0.0027410953,0.002797776,0.0028534672,0.0029082135,0.002961963,0.0030147685,0.0030666429,0.0031176085,0.0031676681,0.0032168635,0.0032651647,0.0033125996,0.0033591929,0.0034049626,0.0034499044,0.0034940385
"(4, 1, 2, 1)",0.0427817245,0.0427468593,0.0427120535,0.0426774468,0.0426429984,0.042608662,0.0425743886,0.0425401267,0.0425058223,0.0424714193,0.0424368609,0.0424020878,0.0423670424,0.0423316618,0.0422958894,0.0422596611,0.0422229181,0.0421855982,0.0421476395,0.0421089821,0.042069567,0.0420293316,0.0419882152,0.0419461617,0.0419031097,0.0418589999,0.0418137731,0.0417673714,0.041719732,0.0416708063,0.0416205369,0.0415688628,0.0415157345,0.0414610956,0.0414048937,0.04134708,0.0412876029,0.0412264108,0.0411634144,0.0410986636,0.0410320627,0.040963569,0.0408931459,0.0408207332,0.0407463386,0.0406699451,0.0405915377,0.0405109523,0.0404282618,0.0403434423,0.0402566979,0.0401674651,0.0400761538,0.0399828353,0.0398871367,0.0397892923,0.0396891465,0.0395869302,0.0394826355,0.0393762252,0.0392677033,0.0391571205,0.0390444742,0.0389298121,0.0388131683,0.0386945861,0.0385741041,0.0384517687,0.0383276309,0.0382017422,0.0380741575,0.0379449325,0.0378141263,0.0376818014,0.0375480216,0.0374128479,0.0372763512,0.0371385922,0.0369996415,0.0368595675,0.0367184368,0.0365763213,0.0364332904,0.0362894089,0.0361447475,0.0359993834,0.0358533632,0.0357067658,0.0355596534,0.0354120913,0.0352641404,0.0351158659,0.034967326,0.0348185798,0.0346696789,0.0345206825,0.0343716416,0.0342226102,0.0340736398,0.0339247795,0.0337760603,0.0336275396,0.0334792539,0.0333312544,0.0331835569,0.0330362151,0.032889261,0.0327427209,0.0325966174,0.0324510109,0.0323059087,0.0321613375,0.0320173265,0.0318738916,0.0317311077,0.0315888895,0.0314472915,0.0313063539,0.0311660702,0.031026457,0.0308875701
"(4, 1, 4, 1)",0.0205622851,0.0207115256,0.0208641167,0.0210204062,0.0211804596,0.0213443392,0.0215121073,0.0216838248,0.0218595518,0.0220393467,0.0222232694,0.0224113767,0.0226037256,0.0228003733,0.0230013786,0.0232067927,0.0234166719,0.0236310677,0.0238500304,0.024073613,0.0243018632,0.0245348256,0.0247725395,0.0250150595,0.0252624175,0.0255146598,0.0257717893,0.0260338513,0.0263008562,0.0265728375,0.0268498047,0.0271317614,0.0274187005,0.0277106197,0.0280075136,0.0283093595,0.0286161347,0.0289277965,0.0292441893,0.0295655096,0.0298915607,0.0302222789,0.0305575886,0.0308973438,0.0312415669,0.0315901787,0.0319430124,0.0322997786,0.0326604671,0.0330249507,0.0333933717,0.033764798,0.03413973,0.0345180233,0.0348989592,0.0352827447,0.0356688837,0.0360574815,0.0364483609,0.0368411929,0.0372357301,0.0376318516,0.0380292345,0.0384276861,0.0388269776,0.0392268826,0.0396271699,0.0400276127,0.0404279895,0.0408280804,0.0412276567,0.0416265037,0.0420243978,0.042421167,0.0428165762,0.0432104377,0.0436025742,0.0439927651,0.0443808497,0.044766662,0.0451500588,0.0455308402,0.0459088827,0.0462840445,0.0466561958,0.0470251423,0.0473909208,0.0477533476,0.0481123239,0.048467759,0.0488195871,0.049167701,0.0495120521,0.0498525751,0.0501892378,0.0505219818,0.0508507521,0.0511755553,0.0514963659,0.0518131418,0.052125886,0.0524345958,0.0527392436,0.0530400002,0.0533365793,0.053629131,0.0539176773,0.05420225,0.0544829471,0.054759611,0.0550323807,0.0553012864,0.0555663823,0.0558276661,0.0560851982,0.0563390104,0.0565891993,0.0568357303,0.0570787176,0.0573181133,0.0575540735
"(4, 1, 3, 2)",0.0012200919,0.0011061295,0.0009868453,0.0008622354,0.0007322749,0.0005969384,0.0004562012,0.0003100402,0.0001584339,1.3613e-06,-0.0001611935,-0.0003292481,-0.0005028147,-0.0006819085,-0.000866537,-0.0010567077,-0.001252425,-0.0014536908,-0.0016605037,-0.0018728617,-0.002090756,-0.0023141765,-0.002543107,-0.0027775381,-0.0030174455,-0.0032628188,-0.0035135986,-0.0037697726,-0.0040312988,-0.0042981412,-0.0045702535,-0.0048475905,-0.005130078,-0.0054176681,-0.0057102972,-0.0060078905,-0.0063103774,-0.0066176723,-0.0069296341,-0.0072462862,-0.0075674665,-0.0078930761,-0.0082230034,-0.0085571119,-0.0088953267,-0.0092375286,-0.0095835283,-0.0099331983,-0.0102863988,-0.0106430008,-0.0110028503,-0.0113657466,-0.0117316279,-0.0121002794,-0.0124714857,-0.0128451513,-0.0132210379,-0.0135989822,-0.0139788482,-0.014360427,-0.0147435289,-0.0151280205,-0.0155136819,-0.0159003396,-0.0162878139,-0.0166759249,-0.0170644947,-0.0174533496,-0.0178423167,-0.0182312297,-0.0186199164,-0.0190082166,-0.0193959677,-0.0197830325,-0.0201692423,-0.0205544619,-0.0209385538,-0.0213213699,-0.0217027885,-0.0220826888,-0.0224609685,-0.0228374851,-0.0232121488,-0.0235848603,-0.0239555255,-0.0243240099,-0.0246903319,-0.0250543625,-0.0254160339,-0.0257752808,-0.0261320535,-0.0264862806,-0.0268379216,-0.0271869328,-0.0275332878,-0.0278769447,-0.028217871,-0.0285560551,-0.0288914761,-0.0292241081,-0.029553957,-0.0298810112,-0.0302052492,-0.0305267548,-0.0308453971,-0.0311612404,-0.0314742902,-0.0317845727,-0.0320921534,-0.0323969115,-0.0326989441,-0.0329982689,-0.0332949188,-0.0335888935,-0.0338801893,-0.0341689061,-0.0344550654,-0.0347386423,-0.0350197213,-0.0352982696,-0.0355743453
"(2, 2, 1, 1)",0.4260172692,0.4246547377,0.4233027546,0.4219604487,0.4206277301,0.4193045137,0.4179907145,0.416686248,0.4153910302,0.4141049779,0.412828008,0.4115600385,0.4103009876,0.4090507744,0.4078093186,0.4065765406,0.4053523616,0.4041367034,0.4029294888,0.4017306411,0.4005400846,0.3993577443,0.3981835461,0.3970174165,0.3958592824,0.3947090732,0.393566717,0.3924321441,0.3913052849,0.3901860704,0.3890744332,0.3879703062,0.3868736229,0.3857843177,0.3847023254,0.3836275823,0.3825600251,0.3814995906,0.380446217,0.3793998428,0.3783604076,0.3773278514,0.3763021143,0.3752831381,0.3742708647,0.3732652362,0.3722661958,0.371273687,0.3702876547,0.3693080433,0.3683347983,0.3673678665,0.3664071929,0.3654527264,0.3645044137,0.3635622029,0.3626260425,0.3616958823,0.3607716712,0.3598533602,0.3589408992,0.3580342399,0.3571333333,0.3562381324,0.3553485887,0.3544646559,0.3535862871,0.3527134367,0.3518460584,0.3509841082,0.3501275397,0.3492763095,0.348430374,0.3475896886,0.3467542106,0.3459238978,0.3450987076,0.3442785984,0.3434635283,0.3426534557,0.3418483415,0.3410481442,0.3402528242,0.339462342,0.3386766587,0.3378957355,0.3371195341,0.3363480157,0.3355811442,0.3348188814,0.3340611905,0.3333080355,0.3325593793,0.3318151875,0.3310754237,0.3303400522,0.3296090405,0.3288823529,0.3281599551,0.3274418142,0.3267278963,0.326018169,0.3253125993,0.3246111548,0.3239138038,0.3232205145,0.3225312557,0.3218459963,0.321164706,0.3204873542,0.3198139108,0.3191443462,0.3184786309,0.3178167353,0.3171586318,0.3165042913,0.3158536855,0.3152067859,0.3145635663,0.3139239984,0.3132880557
"(2, 2, 2, 2)",0.4227444042,0.4215525472,0.4203680832,0.4191902163,0.4180189211,0.4168541733,0.4156959474,0.4145442165,0.4133989529,0.4122601278,0.4111277118,0.4100016743,0.4088819847,0.4077686111,0.4066615215,0.4055606833,0.4044660634,0.4033776285,0.402295345,0.401219179,0.4001490963,0.3990850629,0.3980270444,0.3969750062,0.395928914,0.3948887331,0.3938544288,0.392825967,0.391803313,0.3907864321,0.3897752902,0.388769853,0.3877700857,0.3867759545,0.385787425,0.3848044634,0.3838270361,0.382855109,0.3818886484,0.380927621,0.3799719933,0.3790217322,0.3780768043,0.3771371766,0.3762028166,0.3752736905,0.3743497667,0.3734310121,0.3725173952,0.3716088827,0.3707054431,0.369807044,0.3689136534,0.3680252408,0.3671417735,0.3662632201,0.3653895491,0.3645207291,0.3636567292,0.3627975175,0.3619430647,0.3610933395,0.36024831,0.3594079459,0.3585722172,0.3577410911,0.3569145411,0.3560925366,0.3552750454,0.3544620381,0.3536534842,0.3528493566,0.352049618,0.3512542522,0.3504632231,0.3496765021,0.3488940583,0.3481158648,0.3473418915,0.3465721091,0.3458064901,0.3450450067,0.3442876291,0.3435343303,0.3427850819,0.3420398565,0.3412986261,0.3405613637,0.3398280419,0.3390986332,0.3383731113,0.3376514497,0.3369336212,0.3362196004,0.3355093601,0.3348028747,0.3341001201,0.3334010695,0.3327056976,0.3320139792,0.3313258892,0.3306414035,0.3299604975,0.3292831466,0.328609327,0.3279390143,0.3272721855,0.3266088162,0.3259488842,0.3252923656,0.3246392378,0.3239894781,0.3233430639,0.3226999728,0.3220601818,0.3214236719,0.3207904194,0.3201604028,0.3195336014,0.3189099932,0.3182895569
"(3, 2, 2, 1)",0.0607847893,0.0610834144,0.0613723398,0.0616518656,0.0619221233,0.0621832478,0.062435379,0.0626786616,0.062913244,0.06313927,0.0633569109,0.0635663137,0.0637676363,0.0639610387,0.0641466841,0.0643247299,0.0644953374,0.0646586665,0.0648148778,0.0649641294,0.0651065773,0.0652423796,0.0653716867,0.0654946598,0.0656114455,0.0657221829,0.0658270407,0.0659261469,0.0660196518,0.0661076888,0.0661903954,0.0662678907,0.0663403458,0.0664078571,0.0664705722,0.0665286052,0.066582076,0.0666311053,0.0666758271,0.0667163227,0.0667527108,0.0667851074,0.0668136155,0.0668383253,0.066859363,0.0668768445,0.0668908003,0.0669013731,0.0669086336,0.0669126751,0.0669135981,0.066911458,0.0669063602,0.0668983998,0.0668876099,0.0668740822,0.0668579136,0.0668391421,0.0668178488,0.0667941048,0.0667679934,0.0667395526,0.0667088582,0.0666759651,0.0666409365,0.0666038292,0.0665647017,0.0665235897,0.066480581,0.0664357111,0.0663890275,0.0663405789,0.0662904098,0.0662385796,0.066185122,0.0661300832,0.0660735075,0.0660154365,0.0659559085,0.065894964,0.0658326464,0.0657689844,0.0657040131,0.0656377738,0.0655702998,0.0655016268,0.0654317819,0.0653608007,0.0652887126,0.0652155479,0.0651413318,0.0650661091,0.0649898877,0.064912705,0.0648345863,0.0647555557,0.0646756267,0.0645948645,0.0645132519,0.0644308215,0.0643476014,0.064263611,0.0641788741,0.0640934064,0.064007241,0.0639203962,0.0638328695,0.0637446978,0.063655933,0.0635665134,0.0634765014,0.0633859119,0.063294771,0.0632030804,0.0631108821,0.0630181498,0.0629249114,0.0628311946,0.062737022,0.0626423838,0.0625473028
"(3, 2, 3, 2)",0.0628536356,0.0633168113,0.0637708335,0.0642159821,0.0646522686,0.0650797144,0.0654983528,0.065908229,0.0663093987,0.0667019159,0.0670858798,0.0674613588,0.0678284433,0.0681872296,0.0685378247,0.0688803306,0.0692148626,0.0695415368,0.069860475,0.0701717992,0.0704756343,0.0707721097,0.0710613515,0.0713435015,0.0716186867,0.0718870251,0.0721486832,0.0724037682,0.0726524312,0.0728947914,0.073130984,0.0733611159,0.0735853787,0.073803854,0.0740166991,0.0742240262,0.0744259582,0.0746226229,0.0748141767,0.07500068,0.0751822687,0.0753590763,0.0755312116,0.0756987741,0.0758618979,0.0760207395,0.0761752753,0.0763257204,0.0764721361,0.0766146393,0.0767533309,0.0768882707,0.0770195998,0.0771474497,0.0772718042,0.0773927997,0.0775105657,0.077625119,0.0777365679,0.0778450068,0.0779505365,0.0780531917,0.0781530771,0.0782502522,0.0783447975,0.0784367862,0.0785262866,0.0786133384,0.078698066,0.0787805067,0.0788607198,0.078938766,0.0790147051,0.0790886115,0.0791605261,0.0792305102,0.0792986159,0.0793649039,0.0794294206,0.0794922186,0.0795533573,0.0796128688,0.0796708013,0.0797272082,0.0797821335,0.0798356302,0.0798877211,0.0799384613,0.0799878873,0.0800360411,0.0800829518,0.0801286908,0.0801732552,0.0802167032,0.0802590618,0.0803003677,0.0803406423,0.080379969,0.0804183171,0.0804557391,0.0804922683,0.0805279389,0.0805627668,0.0805967796,0.0806300382,0.080662563,0.0806943309,0.0807254039,0.0807558725,0.0807856068,0.0808147138,0.0808432141,0.0808711566,0.080898526,0.0809253846,0.0809516952,0.0809774866,0.0810028082,0.0810277012,0.0810521257,0.0810761215
"(4, 2, 1, 1)",0.0793568794,0.0792227243,0.0790909939,0.0789619983,0.0788356465,0.0787118386,0.0785904724,0.0784714415,0.0783546373,0.0782399481,0.0781272624,0.0780164653,0.0779074448,0.0778000822,0.0776942688,0.0775898846,0.0774868179,0.0773849523,0.0772841719,0.0771843648,0.0770854194,0.0769872187,0.0768896477,0.0767926017,0.076695964,0.0765996249,0.0765034624,0.0764073701,0.0763112262,0.0762149339,0.0761183791,0.0760214423,0.0759240175,0.0758259914,0.0757272574,0.0756277082,0.0755272362,0.0754257276,0.0753230004,0.0752191261,0.0751139046,0.075007238,0.0748990329,0.0747891503,0.0746775787,0.074564252,0.074449089,0.0743318081,0.0742124734,0.0740910103,0.0739676695,0.0738415796,0.073713314,0.0735829135,0.0734497861,0.0733142477,0.0731760119,0.0730353666,0.0728922686,0.0727466138,0.0725983646,0.0724475645,0.0722941595,0.0721381809,0.0719796393,0.07181856,0.0716549616,0.0714888773,0.0713203471,0.071149413,0.070976123,0.0708005283,0.0706226866,0.0704426638,0.0702605235,0.0700763324,0.0698901715,0.0697021057,0.0695122195,0.0693205948,0.0691273151,0.0689324627,0.0687361284,0.0685383944,0.0683393521,0.068139094,0.0679377008,0.0677352678,0.0675318808,0.0673276283,0.0671225973,0.0669168744,0.0667105445,0.0665036912,0.0662963925,0.0660887315,0.0658807819,0.0656726273,0.0654643433,0.0652560021,0.0650476566,0.0648393902,0.0646312604,0.0644233561,0.0642156858,0.0640083402,0.063801372,0.0635948272,0.0633887529,0.0631832203,0.0629782592,0.0627739139,0.0625702331,0.0623672442,0.0621650528,0.0619635627,0.0617628547,0.0615629831,0.0613639539,0.061165791,0.0609685791
"(4, 2, 3, 1)",-0.0231151052,-0.02331206,-0.0235137825,-0.0237205004,-0.023932254,-0.0241490818,-0.0243710202,-0.024598103,-0.0248303612,-0.0250678222,-0.025310513,-0.025558455,-0.0258116656,-0.0260701628,-0.0263339589,-0.0266030603,-0.0268774727,-0.0271571954,-0.0274422239,-0.0277325528,-0.0280281666,-0.0283290468,-0.0286351659,-0.028946509,-0.0292630354,-0.0295847235,-0.0299114879,-0.0302433014,-0.030580099,-0.0309218261,-0.0312684108,-0.031619775,-0.0319758201,-0.032336462,-0.0327016095,-0.033071151,-0.0334449782,-0.0338229645,-0.0342048929,-0.0345908237,-0.0349805056,-0.0353737968,-0.0357705402,-0.0361705302,-0.0365736834,-0.0369798489,-0.037388749,-0.0378001676,-0.0382139501,-0.0386299248,-0.0390479781,-0.0394676045,-0.0398889162,-0.0403116644,-0.0407353963,-0.0411601074,-0.0415854248,-0.0420112269,-0.0424373482,-0.042863505,-0.0432894612,-0.0437150726,-0.0441400594,-0.0445642248,-0.0449873597,-0.0454092599,-0.0458297219,-0.0462485493,-0.0466655572,-0.0470805637,-0.0474933817,-0.0479038419,-0.0483117745,-0.0487170475,-0.0491194847,-0.0495189553,-0.0499153292,-0.0503084596,-0.0506982383,-0.0510845585,-0.0514673379,-0.0518464408,-0.0522218021,-0.0525933433,-0.0529609948,-0.0533246376,-0.0536843369,-0.0540399825,-0.0543915353,-0.0547389606,-0.0550822425,-0.0554213406,-0.0557562468,-0.0560869541,-0.0564134723,-0.0567357934,-0.0570539183,-0.0573678786,-0.0576776895,-0.057983357,-0.0582849257,-0.0585824216,-0.0588758582,-0.0591653782,-0.0594508447,-0.059732379,-0.0600100194,-0.0602838307,-0.0605539271,-0.0608201886,-0.0610827655,-0.061341708,-0.0615970859,-0.0618489218,-0.0620972548,-0.062342197,-0.0625838127,-0.0628220997,-0.0630571792,-0.0632890308,-0.0635177599
"(4, 2, 2, 2)",0.0587977738,0.0585102084,0.0582215981,0.0579320698,0.0576415331,0.0573498915,0.0570570467,0.0567628977,0.0564673428,0.0561702795,0.0558716052,0.0555712178,0.0552690229,0.0549649139,0.0546588025,0.0543505916,0.0540401944,0.0537275228,0.0534124932,0.0530950249,0.0527750472,0.0524524852,0.0521272752,0.0517993474,0.0514686466,0.0511351053,0.0507987019,0.0504593733,0.0501170795,0.0497717906,0.0494234769,0.0490721056,0.0487176776,0.0483601709,0.0479995734,0.0476358933,0.0472691308,0.046899297,0.0465264183,0.0461505124,0.045771617,0.0453897658,0.0450050095,0.0446174014,0.0442269934,0.0438338683,0.0434381721,0.043039826,0.0426390235,0.0422358419,0.0418306204,0.0414229089,0.0410131929,0.0406017308,0.0401882789,0.0397731644,0.0393564076,0.0389383826,0.0385191786,0.0380989187,0.0376777457,0.0372558069,0.0368332678,0.0364103053,0.0359870848,0.0355637834,0.0351405642,0.0347176027,0.0342950703,0.0338731344,0.033451973,0.0330317504,0.0326126444,0.0321947922,0.031778377,0.0313635473,0.0309504593,0.0305392734,0.0301301318,0.0297231739,0.0293185244,0.0289163403,0.0285167395,0.0281198361,0.0277257499,0.0273346431,0.0269465076,0.0265615014,0.0261797157,0.0258012372,0.0254261356,0.0250545073,0.0246864104,0.0243219111,0.0239610506,0.0236038926,0.0232504884,0.0229008668,0.0225550669,0.0222131338,0.0218750605,0.02154089,0.0212106411,0.0208842726,0.0205618823,0.0202434447,0.0199289537,0.0196183923,0.0193117096,0.0190090271,0.0187102521,0.0184153731,0.0181243729,0.0178372366,0.0175540281,0.0172745457,0.0169988038,0.016726849,0.016458587,0.0161940281,0.0159331715
"(4, 2, 4, 2)",0.0275593234,0.0276615472,0.0277670741,0.0278762617,0.0279891775,0.0281058872,0.0282264574,0.0283509547,0.0284794464,0.0286119998,0.0287486848,0.0288895707,0.0290347279,0.0291842288,0.0293381504,0.0294965612,0.029659539,0.0298271564,0.0299994877,0.0301766106,0.0303585993,0.030545527,0.030737462,0.0309344884,0.0311366709,0.0313440894,0.0315567782,0.0317748187,0.0319982552,0.0322271625,0.0324615845,0.0327015632,0.0329471314,0.0331983272,0.0334551786,0.0337177087,0.0339859343,0.0342598482,0.0345393425,0.0348246452,0.0351155994,0.035412181,0.0357143522,0.0360220161,0.0363352059,0.0366538965,0.0369779363,0.0373071,0.0376413913,0.0379807083,0.0383251784,0.0386740054,0.0390276308,0.0393859174,0.0397482359,0.0401147739,0.0404850867,0.040859218,0.0412370224,0.041618184,0.0420024686,0.0423897464,0.0427796993,0.0431721296,0.0435668006,0.0439634768,0.0443619166,0.0447618779,0.0451631229,0.0455654136,0.0459684986,0.0463721397,0.0467760877,0.0471801498,0.0475840558,0.0479875884,0.0483905417,0.0487926609,0.0491937514,0.0495936123,0.0499920677,0.0503888779,0.0507838818,0.0511769057,0.0515677809,0.0519562663,0.0523423801,0.0527258911,0.053106665,0.0534845744,0.0538595224,0.054231355,0.0545999943,0.0549653418,0.0553273384,0.0556858831,0.0560408915,0.0563923421,0.0567401824,0.0570843308,0.0574247754,0.057761482,0.0580943951,0.0584236649,0.0587489778,0.0590704591,0.0593881116,0.0597019518,0.0600120647,0.0603182501,0.0606206419,0.0609192567,0.0612141272,0.0615052429,0.0617926123,0.0620763282,0.0623564481,0.0626329091,0.0629058329,0.0631751576,0.0634410091
"(4, 2, 3, 3)",0.023340124,0.0234978653,0.0236495251,0.0237953778,0.0239353416,0.0240693412,0.024197306,0.0243191714,0.0244348777,0.0245443639,0.0246475964,0.0247445225,0.0248351097,0.0249193167,0.0249971223,0.0250685015,0.0251334378,0.0251919175,0.0252439339,0.0252894803,0.025328561,0.0253611772,0.0253873417,0.0254070639,0.0254203606,0.0254272347,0.0254277525,0.0254219097,0.0254097497,0.0253913033,0.0253666118,0.0253356956,0.0252986445,0.0252554768,0.0252062528,0.0251510377,0.0250898746,0.0250228414,0.0249500228,0.0248714483,0.0247872129,0.0246974008,0.0246020962,0.0245013844,0.0243953511,0.0242841225,0.0241677911,0.0240464132,0.0239201348,0.0237890781,0.0236535037,0.0235131435,0.023368393,0.0232194841,0.0230662437,0.0229089688,0.0227477164,0.0225827804,0.0224142609,0.0222422851,0.0220669918,0.0218885238,0.0217070306,0.0215226736,0.021335603,0.0211459824,0.0209539584,0.0207596849,0.0205633269,0.0203650324,0.0201649596,0.0199632574,0.0197600857,0.0195555717,0.0193498833,0.0191431604,0.0189355364,0.0187271659,0.0185181794,0.0183087098,0.0180988793,0.0178888252,0.01767867,0.0174685184,0.0172584945,0.0170487499,0.0168392985,0.0166302892,0.0164218203,0.0162139827,0.0160068505,0.0158005421,0.0155951155,0.0153906532,0.0151872085,0.0149848614,0.0147836847,0.0145837092,0.014385006,0.0141876372,0.013991623,0.013797015,0.0136038724,0.0134121803,0.0132220381,0.0130334543,0.0128464496,0.0126610391,0.0124772048,0.0122950688,0.0121145967,0.0119357976,0.0117586808,0.0115832599,0.0114096088,0.0112375848,0.0110672388,0.0108986253,0.010731693,0.0105664762,0.0104029991
"(3, 3, 1, 1)",0.3363033325,0.3365795469,0.3368342734,0.3370682517,0.3372816702,0.3374747503,0.3376477356,0.3378008915,0.3379345033,0.3380488491,0.3381442973,0.33822115,0.3382797565,0.3383204564,0.3383436228,0.3383496127,0.338338804,0.3383115707,0.3382682976,0.3382093612,0.3381351431,0.3380460261,0.3379423915,0.3378246254,0.3376930989,0.3375481656,0.3373902523,0.3372196707,0.3370368266,0.3368420512,0.3366357061,0.3364180867,0.3361896451,0.3359506319,0.3357014221,0.3354423301,0.3351736506,0.3348957128,0.334608883,0.3343133349,0.3340094108,0.3336974136,0.3333776156,0.3330502899,0.3327156849,0.3323741849,0.332025773,0.3316709295,0.3313098044,0.3309426859,0.330569751,0.3301911885,0.3298073011,0.3294183683,0.3290243732,0.328625629,0.3282223894,0.3278147179,0.3274028576,0.326986999,0.3265673359,0.3261439872,0.3257171446,0.3252869533,0.3248535719,0.3244171592,0.3239778498,0.3235357527,0.3230910774,0.3226439255,0.3221944159,0.3217426721,0.3212888242,0.3208329932,0.3203752796,0.3199158077,0.3194546647,0.3189919808,0.3185278451,0.3180623583,0.3175956367,0.3171277352,0.3166587561,0.3161887866,0.3157179191,0.3152462552,0.3147738272,0.3143007382,0.3138270645,0.3133528769,0.3128782296,0.3124032473,0.3119279323,0.3114523875,0.3109766565,0.310500804,0.310024891,0.3095490016,0.3090731441,0.3085973863,0.3081217882,0.307646399,0.3071712667,0.3066964232,0.3062219685,0.3057479335,0.3052742946,0.3048011472,0.3043286125,0.3038565316,0.3033850585,0.302914224,0.3024440961,0.3019746612,0.3015059942,0.3010380643,0.3005709156,0.3001046148,0.2996392246,0.2991746922,0.2987110755
"(3, 3, 3, 1)",-0.0167138831,-0.0167573457,-0.0167968532,-0.0168328622,-0.0168654104,-0.0168945452,-0.0169203168,-0.0169427791,-0.0169619891,-0.016978005,-0.0169908923,-0.0170007132,-0.0170075371,-0.017011424,-0.0170124435,-0.0170106654,-0.0170061591,-0.0169989924,-0.0169892368,-0.0169769597,-0.0169622303,-0.016945115,-0.0169256879,-0.0169040044,-0.0168801343,-0.0168541454,-0.0168260986,-0.0167960508,-0.0167640703,-0.0167302184,-0.0166945562,-0.0166571359,-0.0166180097,-0.0165772362,-0.0165348608,-0.0164909525,-0.0164455457,-0.0163987004,-0.0163504632,-0.0163008687,-0.0162499767,-0.0161978223,-0.0161444527,-0.0160899341,-0.0160342494,-0.0159774744,-0.0159196181,-0.0158607526,-0.015800897,-0.0157401085,-0.0156783704,-0.0156157455,-0.0155522716,-0.0154879778,-0.015422864,-0.015356991,-0.0152903668,-0.0152230186,-0.0151549861,-0.0150862841,-0.0150169189,-0.0149469433,-0.014876357,-0.0148051933,-0.0147334652,-0.0146611952,-0.0145884,-0.0145151142,-0.014441321,-0.0143670567,-0.0142923359,-0.0142171753,-0.0141415897,-0.014065589,-0.0139891967,-0.0139124284,-0.013835281,-0.0137577807,-0.0136799369,-0.0136017629,-0.0135232691,-0.0134444654,-0.0133653698,-0.0132859807,-0.0132063182,-0.0131263972,-0.0130462128,-0.0129657804,-0.0128851141,-0.0128042189,-0.0127231052,-0.012641778,-0.0125602543,-0.0124785401,-0.0123966374,-0.0123145571,-0.0122323316,-0.0121498965,-0.0120673334,-0.0119846219,-0.0119017714,-0.0118187786,-0.0117356755,-0.0116524523,-0.01156911,-0.0114856527,-0.0114021101,-0.0113184732,-0.0112347077,-0.0111509074,-0.011067041,-0.0109831123,-0.0108991105,-0.0108150628,-0.0107309327,-0.0106467801,-0.0105626057,-0.010478393,-0.0103941431,-0.0103098861,-0.0102256168
"(3, 3, 2, 2)",0.3216190921,0.3218667047,0.3220963307,0.3223082892,0.3225027358,0.3226798509,0.3228398345,0.3229829048,0.323109297,0.3232192392,0.32331304,0.3233909478,0.3234532509,0.323500235,0.3235322104,0.3235494728,0.3235523385,0.3235411208,0.3235161408,0.3234777145,0.3234261619,0.3233618054,0.3232849624,0.3231959645,0.3230951223,0.3229827297,0.3228591545,0.3227246578,0.3225795847,0.3224242113,0.3222588446,0.3220837335,0.3218992744,0.3217056715,0.3215032518,0.3212922728,0.321072993,0.3208456894,0.320610682,0.3203681136,0.3201182741,0.3198614309,0.3195978139,0.3193276455,0.319051164,0.3187686936,0.3184802086,0.3181861282,0.3178865813,0.3175818098,0.317271984,0.3169572491,0.3166378722,0.3163141036,0.3159859188,0.3156535841,0.3153173359,0.3149772146,0.3146334303,0.3142861546,0.3139355654,0.3135817462,0.3132248783,0.3128650787,0.3125024907,0.3121372506,0.3117694766,0.3113992537,0.3110267857,0.3106521485,0.3102754467,0.3098967883,0.3095162844,0.3091340488,0.3087501605,0.3083647281,0.3079778325,0.3075895855,0.307200064,0.3068093556,0.3064175636,0.3060247347,0.3056309554,0.3052363075,0.3048408671,0.304444723,0.3040479054,0.3036505047,0.3032525841,0.3028542075,0.3024554203,0.3020563374,0.3016569513,0.3012573562,0.3008575898,0.3004577093,0.3000577572,0.2996578383,0.2992579228,0.2988580851,0.298458375,0.2980588423,0.2976595121,0.2972604211,0.2968616649,0.2964632688,0.2960651948,0.2956675368,0.2952704261,0.2948736661,0.2944774167,0.294081705,0.293686602,0.2932920795,0.292898222,0.2925049785,0.2921123848,0.2917205134,0.2913294229,0.2909390467,0.2905494416
"(3, 3, 3, 3)",0.2907452549,0.2913092423,0.2918596344,0.2923966329,0.2929200214,0.2934296127,0.2939252481,0.2944067948,0.2948741459,0.2953271958,0.2957659346,0.2961902976,0.2966002758,0.2969958611,0.297377091,0.2977439896,0.2980966237,0.2984350635,0.2987593985,0.2990697265,0.2993661579,0.2996488189,0.299917841,0.3001733808,0.3004155822,0.3006445852,0.3008606138,0.3010637829,0.3012543321,0.301432396,0.3015981819,0.3017518243,0.3018936534,0.3020237612,0.3021424247,0.3022498012,0.3023460915,0.3024315061,0.3025063504,0.302570649,0.3026246912,0.3026686967,0.302702864,0.3027273807,0.3027424672,0.3027484747,0.3027452378,0.3027332546,0.3027126242,0.3026835984,0.3026463108,0.3026008923,0.3025476596,0.3024869027,0.3024184862,0.3023427333,0.3022599298,0.3021700512,0.3020733651,0.3019700677,0.3018603537,0.3017442925,0.301622111,0.3014939295,0.3013599193,0.3012202411,0.3010750271,0.3009243722,0.3007685394,0.3006076141,0.3004417201,0.3002709896,0.3000955736,0.2999156009,0.2997311705,0.2995424267,0.2993494695,0.2991524528,0.2989514747,0.2987466509,0.2985381287,0.298325959,0.2981102605,0.2978911497,0.2976687313,0.2974431406,0.2972143982,0.2969826455,0.2967479746,0.2965104765,0.2962702196,0.2960273723,0.2957819201,0.2955340109,0.2952836968,0.2950310698,0.2947761971,0.2945192355,0.294260148,0.2939990396,0.2937359981,0.2934711024,0.2932043945,0.2929359316,0.29266588,0.2923942768,0.2921210636,0.2918463958,0.2915704978,0.291293046,0.2910143011,0.2907343176,0.2904532198,0.2901709652,0.2898876856,0.2896033292,0.2893179493,0.289031665,0.2887445908,0.2884566125,0.2881678299
"(4, 3, 2, 1)",-0.0485396507,-0.0487002508,-0.0488688554,-0.0490454917,-0.0492302828,-0.0494233443,-0.0496247838,-0.0498346997,-0.0500531815,-0.0502803135,-0.0505161587,-0.0507607852,-0.0510142404,-0.051276577,-0.0515478265,-0.0518280125,-0.052117152,-0.0524152507,-0.0527223025,-0.0530383007,-0.0533632177,-0.0536970204,-0.0540396576,-0.0543910962,-0.0547512617,-0.0551201153,-0.0554974923,-0.0558833489,-0.0562775579,-0.0566800199,-0.0570906021,-0.0575091774,-0.057935545,-0.0583695741,-0.058811089,-0.059259897,-0.0597158142,-0.0601786176,-0.060647947,-0.0611238774,-0.0616060014,-0.0620940736,-0.0625878312,-0.0630869436,-0.0635912516,-0.0641004757,-0.0646142236,-0.0651321302,-0.0656539364,-0.0661793481,-0.0667081399,-0.0672396532,-0.0677739296,-0.0683105487,-0.0688489358,-0.0693889937,-0.0699301719,-0.0704722476,-0.0710149515,-0.0715578584,-0.072100602,-0.0726429564,-0.0731844989,-0.073724924,-0.0742639119,-0.0748011484,-0.0753363272,-0.0758691568,-0.0763993433,-0.0769266194,-0.0774507058,-0.0779713505,-0.0784882983,-0.0790013528,-0.0795102532,-0.080014806,-0.0805148234,-0.0810100862,-0.0815004386,-0.0819857246,-0.082465822,-0.0829405433,-0.0834097924,-0.0838734594,-0.0843314431,-0.0847835723,-0.0852299522,-0.0856704225,-0.0861049312,-0.0865334334,-0.0869559128,-0.0873723074,-0.0877826197,-0.0881868397,-0.0885849898,-0.0889770624,-0.0893630658,-0.0897430455,-0.0901170319,-0.0904850412,-0.0908471408,-0.0912033761,-0.0915537645,-0.0918985141,-0.0922374455,-0.0925707294,-0.092898432,-0.093220646,-0.0935375272,-0.0938489355,-0.0941550725,-0.0944560158,-0.0947518665,-0.0950426665,-0.0953284637,-0.0956094453,-0.0958856927,-0.0961572061,-0.0964241566,-0.0966865311,-0.0969444678
"(4, 3, 4, 1)",-0.0016835439,-0.0017340444,-0.0017875623,-0.0018441043,-0.0019036656,-0.0019662389,-0.0020318147,-0.0021003807,-0.0021719236,-0.0022464264,-0.0023238732,-0.0024042426,-0.002487513,-0.0025736601,-0.0026626576,-0.0027544773,-0.0028490883,-0.0029464579,-0.0030465508,-0.0031493298,-0.0032547546,-0.0033627805,-0.0034733611,-0.0035864537,-0.0037020027,-0.0038199577,-0.0039402546,-0.0040628359,-0.0041876382,-0.0043145926,-0.0044436317,-0.0045746767,-0.0047076504,-0.0048424709,-0.004979057,-0.0051173182,-0.00525716,-0.0053984931,-0.0055411721,-0.0056851831,-0.0058303762,-0.0059766449,-0.0061238777,-0.0062719293,-0.0064207475,-0.0065702106,-0.0067201762,-0.0068704613,-0.0070209864,-0.0071716436,-0.0073224381,-0.0074728774,-0.0076231478,-0.0077731516,-0.0079224939,-0.0080712332,-0.0082191097,-0.0083661755,-0.0085122967,-0.0086573162,-0.0088010989,-0.0089435797,-0.0090846147,-0.0092241102,-0.0093619673,-0.009498096,-0.009632401,-0.0097647964,-0.0098952099,-0.0100235662,-0.0101497939,-0.0102738287,-0.0103956163,-0.0105150993,-0.0106322348,-0.010746983,-0.0108593082,-0.010969172,-0.0110765538,-0.0111814357,-0.0112838068,-0.0113836451,-0.0114809572,-0.011575731,-0.0116679753,-0.0117576915,-0.011844906,-0.0119296268,-0.0120118713,-0.0120916613,-0.0121690157,-0.0122439778,-0.0123165662,-0.0123868153,-0.012454752,-0.0125204243,-0.0125838661,-0.0126451145,-0.0127042089,-0.0127612036,-0.0128161239,-0.0128690223,-0.0129199363,-0.0129689507,-0.0130160395,-0.0130612873,-0.0131047296,-0.0131464123,-0.0131863929,-0.0132246882,-0.0132613645,-0.0132964572,-0.0133300263,-0.0133620873,-0.0133927458,-0.0134219274,-0.0134497261,-0.0134761886,-0.0135013465,-0.0135252144,-0.0135478903
"(4, 3, 3, 2)",-0.0407081564,-0.0407070641,-0.0407091099,-0.0407144315,-0.0407232277,-0.0407356854,-0.0407519828,-0.0407722887,-0.040796761,-0.0408255521,-0.0408587917,-0.0408966134,-0.0409391303,-0.040986456,-0.0410386863,-0.0410959049,-0.04115819,-0.0412256066,-0.0412982078,-0.0413760437,-0.0414591454,-0.0415475402,-0.0416412358,-0.0417402491,-0.0418445698,-0.0419542068,-0.0420690775,-0.0421891853,-0.0423144703,-0.0424448914,-0.0425803787,-0.0427208724,-0.0428662548,-0.0430164559,-0.0431713757,-0.0433308934,-0.043494908,-0.0436632711,-0.043835777,-0.044012451,-0.0441930466,-0.0443774057,-0.0445653623,-0.0447567158,-0.0449513448,-0.0451490758,-0.0453496533,-0.0455528687,-0.0457585428,-0.0459664704,-0.0461764473,-0.0463882292,-0.0466016946,-0.0468165546,-0.047032572,-0.0472495959,-0.0474673448,-0.047685572,-0.0479041312,-0.0481227651,-0.0483412573,-0.048559435,-0.0487770508,-0.0489939029,-0.0492097925,-0.0494245165,-0.0496378873,-0.0498497152,-0.0500598226,-0.0502680384,-0.0504741863,-0.0506781099,-0.0508796444,-0.0510786837,-0.0512750526,-0.051468631,-0.0516593083,-0.0518469484,-0.0520314546,-0.0522127304,-0.0523907022,-0.0525652581,-0.0527363309,-0.0529038676,-0.053067801,-0.0532280268,-0.0533846128,-0.0535374639,-0.0536865468,-0.0538318377,-0.0539733345,-0.0541109904,-0.0542448118,-0.0543747979,-0.0545009702,-0.0546233184,-0.0547418415,-0.0548566011,-0.054967594,-0.055074826,-0.0551783554,-0.0552782091,-0.0553743972,-0.0554670352,-0.0555560483,-0.0556415264,-0.0557235058,-0.0558020523,-0.0558772791,-0.0559490672,-0.0560175518,-0.0560827883,-0.0561448385,-0.0562037335,-0.0562594891,-0.0563122545,-0.056362057,-0.0564089032,-0.0564529071,-0.0564940579,-0.0565324187
"(4, 3, 4, 3)",0.062054685,0.0617087574,0.0613745629,0.0610520044,0.0607413366,0.0604427923,0.0601565883,0.0598829221,0.0596219753,0.0593739266,0.0591388939,0.0589170303,0.0587084483,0.0585132667,0.0583315771,0.0581634587,0.0580089878,0.0578682247,0.0577412143,0.0576280091,0.0575286393,0.0574431276,0.0573714862,0.0573137307,0.0572698577,0.0572398996,0.0572237452,0.0572214355,0.0572329,0.0572581312,0.0572970734,0.0573496959,0.0574158452,0.0574954938,0.0575885574,0.0576949249,0.0578145237,0.0579471933,0.0580926817,0.0582511536,0.0584222833,0.0586059239,0.0588019095,0.0590099957,0.0592300736,0.0594619341,0.0597053667,0.0599599821,0.0602256362,0.0605020654,0.0607891108,0.0610861914,0.0613933403,0.0617101729,0.0620361967,0.0623713215,0.0627149808,0.0630669665,0.0634270213,0.0637946882,0.0641695723,0.0645514247,0.0649397706,0.0653342599,0.0657345113,0.0661401396,0.0665507636,0.0669660189,0.06738549,0.0678088224,0.0682356285,0.0686655433,0.0690981807,0.0695332377,0.0699703028,0.0704090454,0.0708491443,0.0712902249,0.0717319867,0.0721741186,0.0726163448,0.0730583238,0.0734997967,0.0739405034,0.0743801781,0.074818473,0.0752553734,0.0756905423,0.0761237706,0.0765548578,0.0769836514,0.0774099002,0.0778334857,0.0782542438,0.078672067,0.0790867928,0.0794982945,0.079906486,0.0803112829,0.0807125567,0.0811102611,0.0815043252,0.0818946408,0.0822813528,0.0826640903,0.0830429567,0.0834179271,0.083788993,0.0841562457,0.0845194064,0.084878608,0.0852338542,0.0855851679,0.0859325099,0.0862758318,0.0866153101,0.0869509518,0.0872826525,0.0876105597,0.0879345696,0.0882547882
"(4, 4, 1, 1)",0.2430805804,0.2432355211,0.2434016209,0.2435795887,0.2437695583,0.243971652,0.2441859909,0.2444126914,0.2446518671,0.244903626,0.2451680812,0.2454453367,0.2457354939,0.2460386574,0.2463549381,0.2466844186,0.2470272,0.247383366,0.2477529964,0.2481361811,0.2485329869,0.2489434729,0.2493676741,0.2498056855,0.2502575126,0.250723224,0.2512027136,0.2516960407,0.252203138,0.2527240129,0.2532585929,0.2538067855,0.2543684538,0.2549434872,0.2555317471,0.2561330517,0.2567472105,0.2573739685,0.2580127191,0.258663946,0.2593269142,0.2600012943,0.2606867229,0.2613826075,0.2620888972,0.2628052022,0.2635308251,0.2642648612,0.2650070648,0.2657569168,0.2665145731,0.2672774209,0.2680466081,0.2688214739,0.2695999625,0.2703824643,0.2711674436,0.2719549249,0.2727442935,0.2735344836,0.2743246581,0.2751143584,0.2759025372,0.276688519,0.2774715394,0.2782508525,0.2790257024,0.2797953564,0.2805591061,0.2813162566,0.2820660935,0.2828079529,0.2835411574,0.2842651887,0.284979348,0.2856830905,0.2863759099,0.2870571717,0.2877264362,0.288383253,0.2890272482,0.289657887,0.2902748656,0.2908778364,0.2914664895,0.2920403289,0.2925995617,0.2931437294,0.2936726408,0.2941861282,0.2946841022,0.2951663593,0.2956328644,0.2960835453,0.2965184265,0.296937455,0.297340594,0.2977279784,0.2980996572,0.2984556376,0.2987960629,0.2991210387,0.2994306224,0.2997253915,0.300004725,0.300269135,0.3005188167,0.3007539888,0.3009750504,0.3011816759,0.3013743871,0.3015533887,0.3017189497,0.3018711909,0.3020103461,0.3021367231,0.3022506625,0.3023521672,0.3024416726,0.3025191824,0.3025851654
"(4, 4, 3, 1)",0.0015530541,0.0014851198,0.0014110613,0.0013306399,0.0012438025,0.0011505014,0.0010506916,0.0009443301,0.000831378,0.0007117979,0.000585555,0.0004526157,0.0003129508,0.0001665289,1.33257e-05,-0.0001466835,-0.000313519,-0.0004871997,-0.0006677403,-0.0008551557,-0.0010494523,-0.0012506319,-0.0014586912,-0.0016736398,-0.0018954603,-0.0021241518,-0.0023596613,-0.0026019812,-0.0028510727,-0.0031068949,-0.003369406,-0.0036385471,-0.0039142333,-0.0041964049,-0.0044849809,-0.0047798634,-0.0050809482,-0.0053881321,-0.0057011768,-0.006020168,-0.0063448577,-0.0066750835,-0.0070106826,-0.007351411,-0.007697228,-0.0080479163,-0.0084032216,-0.008762812,-0.0091265404,-0.0094942037,-0.0098657786,-0.0102403759,-0.0106183158,-0.0109993253,-0.0113826843,-0.011768449,-0.012156061,-0.0125455309,-0.0129365616,-0.0133287732,-0.0137218199,-0.0141155217,-0.0145094895,-0.0149034496,-0.0152971068,-0.0156901746,-0.0160823577,-0.0164733814,-0.0168629636,-0.0172508428,-0.0176367501,-0.0180204314,-0.0184016432,-0.0187801483,-0.0191557169,-0.0195281382,-0.019897209,-0.0202627022,-0.0206244478,-0.0209822761,-0.0213360374,-0.0216855418,-0.0220306766,-0.0223712934,-0.0227072803,-0.0230384787,-0.0233649038,-0.0236864103,-0.0240029237,-0.0243143754,-0.0246207123,-0.0249218853,-0.0252178596,-0.0255086012,-0.0257940921,-0.0260743324,-0.0263493072,-0.0266190146,-0.0268834802,-0.027142721,-0.0273967524,-0.0276456045,-0.0278892994,-0.0281280011,-0.0283615273,-0.0285900304,-0.0288135681,-0.0290321938,-0.0292460123,-0.0294549697,-0.0296592053,-0.029858771,-0.0300537597,-0.0302441941,-0.030430186,-0.0306117473,-0.0307890146,-0.0309620031,-0.0311308218,-0.0312954796,-0.0314561386
"(4, 4, 2, 2)",0.2459630269,0.2459993372,0.2460428164,0.2460939718,0.2461529153,0.246219751,0.2462945826,0.2463775107,0.2464686352,0.2465680521,0.2466758626,0.2467921618,0.2469170447,0.2470506069,0.2471929563,0.247344173,0.2475043587,0.2476735993,0.24785198,0.2480395959,0.2482365269,0.2484428488,0.2486586192,0.2488839401,0.2491188523,0.249363444,0.2496176712,0.2498816186,0.2501552704,0.2504386884,0.2507318534,0.2510347417,0.2513473022,0.2516694973,0.2520012662,0.2523425333,0.2526932086,0.2530531416,0.2534219397,0.2538000279,0.2541868956,0.2545823594,0.2549862034,0.2553980608,0.2558179034,0.2562455432,0.2566804936,0.2571221423,0.2575703651,0.2580248183,0.2584856686,0.2589510414,0.259421824,0.2598975813,0.2603768311,0.2608599208,0.2613457614,0.2618343575,0.2623253305,0.2628179108,0.2633115234,0.2638058469,0.2643001286,0.2647938971,0.2652866052,0.2657777169,0.2662666908,0.2667529948,0.2672361123,0.2677155358,0.2681907376,0.2686612279,0.2691264941,0.2695861732,0.270039719,0.2704867222,0.2709267998,0.2713594665,0.2717843812,0.2722011926,0.2726096095,0.2730092095,0.2733997439,0.2737809416,0.2741525463,0.2745141503,0.2748659106,0.2752074469,0.2755385909,0.2758591923,0.2761691673,0.2764683156,0.2767565955,0.2770339274,0.2773003128,0.2775556681,0.2777999432,0.2780332194,0.2782555151,0.2784667881,0.2786671386,0.2788566206,0.2790352439,0.2792034379,0.2793606864,0.2795073602,0.2796435877,0.2797695196,0.2798854439,0.2799910643,0.2800867686,0.2801726992,0.2802490326,0.2803158512,0.2803732716,0.2804215924,0.2804610258,0.2804915397,0.2805134722,0.2805267991,0.2805318539
"(4, 4, 4, 2)",0.0031637711,0.0032369016,0.0033141537,0.0033958245,0.0034819871,0.003572713,0.0036680729,0.0037681408,0.0038729893,0.0039826919,0.0040973256,0.0042169714,0.00434171,0.0044716273,0.0046068102,0.0047473462,0.0048933262,0.0050448419,0.0052019861,0.0053648548,0.0055335403,0.0057081345,0.0058887251,0.0060754176,0.0062682942,0.0064674482,0.0066729388,0.0068848572,0.0071032699,0.0073282436,0.0075598391,0.0077981056,0.0080430741,0.0082947936,0.0085532692,0.0088185184,0.0090905357,0.009369317,0.0096547046,0.0099469073,0.0102457579,0.0105511586,0.0108630254,0.011181197,0.0115057121,0.0118364339,0.012173156,0.0125155223,0.0128634812,0.0132168527,0.0135758063,0.0139390949,0.0143073326,0.0146803102,0.0150570548,0.01543775,0.0158217282,0.0162091146,0.0165995664,0.0169926304,0.0173879105,0.0177851814,0.0181839806,0.0185839823,0.0189848244,0.0193861494,0.0197875866,0.0201887791,0.0205893749,0.020989024,0.0213873735,0.0217840836,0.0221788262,0.0225712785,0.0229611247,0.0233480674,0.0237318316,0.0241120957,0.0244886163,0.0248611494,0.0252294744,0.0255933252,0.0259525254,0.0263068643,0.0266561701,0.0270002214,0.0273389989,0.0276723025,0.0280000128,0.0283220242,0.0286382479,0.028948604,0.0292530298,0.0295514665,0.0298438797,0.0301302548,0.0304105486,0.0306847861,0.0309529654,0.031215098,0.0314711981,0.0317213105,0.031965445,0.0322038168,0.0324361862,0.0326627526,0.0328835836,0.0330987534,0.0333083887,0.0335124282,0.0337110439,0.0339043067,0.0340923394,0.0342751715,0.0344529962,0.0346257449,0.0347936155,0.0349566616,0.0351150058,0.0352686622,0.0354178706
"(4, 4, 3, 3)",0.239637954,0.2396660172,0.2396984474,0.2397357159,0.2397780839,0.2398258026,0.2398791173,0.239938265,0.2400034747,0.2400749665,0.2401529592,0.2402376574,0.2403292632,0.2404279655,0.2405339659,0.2406474304,0.2407685432,0.2408974679,0.2410343608,0.2411793837,0.2413326841,0.2414943978,0.2416646481,0.2418435803,0.2420312954,0.242227926,0.2424335072,0.2426481535,0.2428719183,0.2431048967,0.2433471232,0.2435986226,0.2438594184,0.2441294945,0.2444088839,0.2446975353,0.2449954267,0.2453024546,0.2456183802,0.2459435096,0.2462774747,0.2466201824,0.2469714784,0.247331064,0.2476989329,0.2480749724,0.2484587609,0.2488498584,0.2492481562,0.2496533868,0.2500656219,0.2504834414,0.2509074888,0.2513374185,0.2517720085,0.2522115343,0.2526551213,0.2531026731,0.2535538952,0.2540081386,0.2544649105,0.2549238936,0.2553844531,0.2558461534,0.2563085097,0.2567710424,0.2572332548,0.2576946515,0.2581547854,0.2586131752,0.2590693282,0.2595227858,0.2599730717,0.2604198358,0.2608625515,0.26130083,0.2617342864,0.2621624712,0.2625850347,0.2630016227,0.2634119445,0.2638155691,0.2642122319,0.2646016511,0.2649835536,0.2653575499,0.2657236902,0.266081612,0.2664311181,0.2667720243,0.2671042039,0.2674274535,0.2677416571,0.2680467173,0.2683425778,0.2686291184,0.2689062504,0.2691740186,0.2694323611,0.2696812124,0.2699206182,0.270150585,0.2703710823,0.2705824331,0.270784188,0.2709766253,0.2711597769,0.27133377,0.2714988939,0.2716547165,0.2718016202,0.2719397009,0.2720691115,0.27218986,0.2723020577,0.2724058947,0.2725015452,0.272588979,0.2726685007,0.2727400098,0.2728038047
"(4, 4, 4, 4)",0.2319616199,0.2318398234,0.2317200156,0.2316026127,0.231488003,0.2313765689,0.2312686932,0.2311647681,0.2310651673,0.23097026,0.230880406,0.230795981,0.2307173569,0.2306448802,0.2305789266,0.2305198391,0.2304679844,0.2304237087,0.230387361,0.2303592922,0.2303398669,0.2303294291,0.230328333,0.2303369339,0.2303555779,0.2303846422,0.230424444,0.230475354,0.2305376972,0.2306119154,0.2306982233,0.2307970593,0.2309087689,0.2310336607,0.2311721128,0.2313244437,0.231491004,0.2316720379,0.2318676966,0.2320786868,0.2323049897,0.2325469874,0.2328048824,0.2330787802,0.2333690364,0.2336759385,0.2339995646,0.2343397353,0.2346967691,0.2350707477,0.2354621691,0.2358698115,0.2362947149,0.2367368576,0.2371952158,0.237670417,0.2381616736,0.2386692543,0.2391930538,0.2397325142,0.2402872482,0.240857099,0.2414414181,0.2420398277,0.2426518327,0.2432769139,0.2439145069,0.2445640229,0.2452248546,0.2458963662,0.2465778665,0.2472686692,0.2479680266,0.2486753452,0.2493897645,0.2501105643,0.2508370307,0.2515682933,0.2523036336,0.2530422905,0.2537835599,0.2545265497,0.2552705685,0.2560148766,0.2567587424,0.2575012095,0.2582420674,0.2589803823,0.2597154879,0.260446732,0.2611735585,0.261895235,0.2626112522,0.2633210422,0.2640241552,0.2647200209,0.2654081127,0.2660881139,0.2667596074,0.2674221069,0.268075312,0.2687188873,0.2693524353,0.269976236,0.2705890228,0.2711910104,0.2717820089,0.2723618683,0.272930699,0.2734876516,0.2740330016,0.2745666336,0.2750885146,0.2755984361,0.2760963481,0.2765822967,0.2770564153,0.277518362,0.2779684183,0.278406256,0.2788322499
